Id,Start time,Completion time,Time To Complete,Email,Name,email2,favorite_drink,visit_type,thank_you_preference,additional_feedback
1,04/09/2026 09:22:11,04/09/2026 09:22:50,01/00/1900 00:00:39,vordonez@my.yearupunited.org,victoria ordonez,vordonez@my.yearupunited.org,Mexican Hot chocolate Latte;Horchata Latte;Dulce de leche Latte;Café de Olla;Churro Latte;,Cozy and relaxing;,Birthday treat;,
2,04/09/2026 09:57:29,04/09/2026 09:58:18,01/00/1900 00:00:49,cpalacios@my.yearupunited.org,charles palacios,cpalacios@my.yearupunited.org,Horchata Latte;,A special treat;,Birthday treat;,Nothing at the moment! 
3,04/09/2026 09:57:06,04/09/2026 10:00:59,01/00/1900 00:03:53,achanthadara@my.yearupunited.org,alexus chanthadara,username@email.com,Horchata Latte;,Part of my daily routine;,Birthday treat;,New drinks and treats
4,04/09/2026 10:24:59,04/09/2026 10:25:59,01/00/1900 00:01:00,BHambleton@YearUp.org,Bess Hambleton,bhambleton@yearup.org,Mexican Hot chocolate Latte;,Cozy and relaxing;A special treat;,Drink upgrades from time to time;Birthday treat;,Please add more cushy seats
5,04/09/2026 11:54:11,04/09/2026 11:57:12,01/00/1900 00:03:01,lalicea@my.yearupunited.org,luis alicea,lalicea@my.yearupunited.org,Churro Latte;,Cozy and relaxing;,Drink upgrades from time to time;,great service!
6,04/09/2026 13:08:06,04/09/2026 13:09:17,01/00/1900 00:01:11,callen@my.yearupunited.org,corey allen,iloveyou@gmail.com,Café de Olla;,Part of my daily routine;,Surprise café perks;,"a super-sized, quintuple shot espresso option would be fantastic for those lazy mornings."
7,04/09/2026 14:41:48,04/09/2026 14:42:47,01/00/1900 00:00:59,amartinez3@my.yearupunited.org,alondra martinez,USERNAME@HOTMAIL.COM,Dulce de leche Latte;Churro Latte;,A special treat;,Drink upgrades from time to time;,I love their rotating menu but I would keep the churro conchas year round. 
8,04/09/2026 15:49:20,04/09/2026 15:51:11,01/00/1900 00:01:51,tzergaw@my.yearupunited.org,tihitina zergaw,tita@outlook.com,Mexican Hot chocolate Latte,Cozy and relaxing,Surprise café perks,
,,,01/00/1900 00:01:40,,,,,,0,
